Farmacia Almeida Cunha, Lda;41.15141;-8.60712;90
Farmacia Sa da Bandeira;41.14836;-8.60798;76
Farmacia Lemos;41.14799;-8.61478;81
R. do Bolhão;41.15110;-8.60741;90
Rua da Firmeza;41.15096;-8.60671;87
Rua de Fernandes Tomás;41.14934;-8.60756;80
Rua da Conceição;41.15052;-8.60892;96